{
  "project_info": {
    "project_number": "558951952278",
    "project_id": "b07project-87e7a",
    "storage_bucket": "b07project-87e7a.appspot.com"
  },
  "client": [
    {
      "client_info": {
        "mobilesdk_app_id": "1:558951952278:android:6fe81629f8a4af186a77b7",
        "android_client_info": {
          "package_name": "com.example.b07project"
        }
      },
      "oauth_client": [
        {
          "client_id": "558951952278-13dlc2b5er1r9pgiesiah92ounhhhka8.apps.googleusercontent.com",
          "client_type": 3
        }
      ],
      "api_key": [
        {
          "current_key": "AIzaSyDfFPUxNBnHm5c8KNncM5s1wbv1rrF8foI"
        }
      ],
      "services": {
        "appinvite_service": {
          "other_platform_oauth_client": [
            {
              "client_id": "558951952278-13dlc2b5er1r9pgiesiah92ounhhhka8.apps.googleusercontent.com",
              "client_type": 3
            }
          ]
        }
      }
    }
  ],
  "configuration_version": "1"
}